Player,Pos,G,GS,MP,FG,FGA,FG%,3P,3PA,3P%,2P,2PA,2P%,eFG%,FT,FTA,FT%,ORB,DRB,TRB,AST,STL,BLK,TOV,PF,PTS,School
Jaden Akins,G,37,37,27.2,4.8,11.9,0.398,1.6,5.4,0.293,3.2,6.6,0.484,0.464,1.7,2.3,0.762,0.6,2.9,3.5,1.5,0.8,0.3,1.1,1.4,12.8,michigan-state
Jase Richardson,G,36,15,25.3,4.0,8.1,0.493,1.3,3.2,0.412,2.7,4.9,0.545,0.574,2.8,3.4,0.836,0.6,2.7,3.3,1.9,0.8,0.3,0.8,1.5,12.1,michigan-state
Tre Holloman,G,37,16,23.1,3.1,8.2,0.373,1.3,3.9,0.329,1.8,4.2,0.414,0.452,1.7,2.0,0.851,0.2,1.7,1.9,3.7,0.8,0.2,1.6,1.7,9.1,michigan-state
Coen Carr,F,37,1,20.7,3.1,5.0,0.611,0.1,0.4,0.333,2.9,4.6,0.635,0.624,1.8,2.6,0.701,1.5,2.1,3.6,0.5,0.5,0.7,0.9,1.1,8.1,michigan-state
Jaxon Kohler,F,37,34,20.8,3.0,5.8,0.519,0.5,1.4,0.373,2.5,4.5,0.564,0.563,1.2,1.5,0.821,2.5,4.9,7.5,1.3,0.4,0.8,1.3,1.8,7.8,michigan-state
Jeremy Fears Jr.,G,36,36,23.7,2.0,5.0,0.397,0.4,1.1,0.342,1.6,3.9,0.411,0.433,2.9,3.9,0.73,0.3,1.8,2.1,5.4,1.1,0.2,2.0,2.3,7.2,michigan-state
Frankie Fidler,F,37,7,16.2,2.2,5.5,0.39,0.4,1.8,0.197,1.8,3.8,0.482,0.422,2.4,2.7,0.861,0.8,2.5,3.3,0.8,0.5,0.2,0.6,1.1,7.0,michigan-state
Carson Cooper,C,37,0,17.2,1.7,2.9,0.598,0.0,0.0,0.0,1.7,2.9,0.604,0.598,1.6,2.1,0.744,1.5,3.7,5.2,0.6,0.2,0.6,0.8,2.2,5.0,michigan-state
Xavier Booker,F,33,3,12.8,1.8,4.2,0.417,0.5,2.2,0.233,1.2,2.0,0.621,0.478,0.7,0.8,0.786,0.7,1.5,2.2,0.2,0.1,0.7,0.9,1.2,4.7,michigan-state
Szymon Zapala,C,36,36,14.1,1.7,2.6,0.653,0.0,0.1,0.0,1.7,2.6,0.667,0.653,0.8,1.2,0.659,1.6,2.4,4.0,0.6,0.3,0.6,0.9,2.3,4.3,michigan-state
Nick Sanders,G,10,0,1.2,0.4,0.7,0.571,0.0,0.2,0.0,0.4,0.5,0.8,0.571,0.0,0.0,,0.1,0.1,0.2,0.0,0.0,0.0,0.1,0.0,0.8,michigan-state
Gehrig Normand,G,13,0,2.0,0.2,0.6,0.375,0.2,0.5,0.333,0.1,0.2,0.5,0.5,0.0,0.0,,0.1,0.0,0.1,0.2,0.0,0.0,0.1,0.3,0.6,michigan-state
Kur Teng,G,19,0,3.1,0.2,0.7,0.214,0.1,0.5,0.222,0.1,0.3,0.2,0.286,0.1,0.1,1.0,0.2,0.5,0.7,0.2,0.1,0.0,0.2,0.4,0.5,michigan-state
Derik Queen,C,36,36,30.4,5.8,11.1,0.526,0.2,1.0,0.2,5.6,10.1,0.558,0.535,4.6,6.1,0.766,2.3,6.6,9.0,1.9,1.1,1.1,2.4,2.1,16.5,maryland
Ja'Kobi Gillespie,G,36,36,31.6,5.0,11.0,0.453,2.4,5.9,0.407,2.6,5.1,0.508,0.563,2.3,2.6,0.862,0.5,2.2,2.8,4.8,1.9,0.1,1.9,1.9,14.7,maryland
Rodney Rice,G,36,32,31.1,4.6,10.7,0.434,2.2,5.9,0.374,2.4,4.8,0.509,0.538,2.3,2.8,0.814,0.6,1.6,2.2,2.1,0.7,0.1,1.1,1.6,13.8,maryland
Julian Reese,F,36,36,28.5,4.9,8.9,0.555,0.0,0.0,0.0,4.9,8.8,0.557,0.555,3.4,4.7,0.734,3.0,6.1,9.0,1.3,1.1,1.5,1.5,2.6,13.3,maryland
Selton Miguel,G,36,36,28.3,4.3,9.8,0.432,2.1,4.9,0.424,2.2,4.9,0.441,0.538,1.1,1.4,0.745,0.2,1.7,1.9,1.8,1.0,0.2,0.9,1.7,11.6,maryland
Tafara Gapare,F,32,0,10.3,1.2,2.6,0.47,0.4,1.1,0.371,0.8,1.5,0.542,0.548,0.6,0.9,0.621,0.4,1.5,1.9,0.2,0.4,0.8,0.5,1.3,3.4,maryland
DeShawn Harris-Smith,G,36,4,15.4,0.9,2.4,0.395,0.2,0.8,0.2,0.8,1.6,0.5,0.43,0.4,0.8,0.5,0.4,1.9,2.4,1.0,0.4,0.0,0.7,1.5,2.5,maryland
Jordan Geronimo,F,30,0,9.8,1.1,2.1,0.54,0.1,0.3,0.25,1.1,1.8,0.582,0.556,0.1,0.3,0.5,1.0,1.3,2.3,0.2,0.7,0.7,0.4,0.9,2.5,maryland
Braden Pierce,C,5,0,7.2,1.0,1.8,0.556,0.0,0.2,0.0,1.0,1.6,0.625,0.556,0.4,0.8,0.5,0.8,1.6,2.4,0.6,0.2,0.4,0.2,1.8,2.4,maryland
Jayhlon Young,G,36,0,10.2,0.6,1.7,0.367,0.3,0.9,0.375,0.3,0.8,0.357,0.467,0.3,0.3,0.75,0.4,0.8,1.2,0.8,0.5,0.2,0.4,0.9,1.8,maryland
Malachi Palmer,G,22,0,8.4,0.6,1.8,0.333,0.3,1.0,0.273,0.3,0.8,0.412,0.41,0.2,0.4,0.444,0.2,1.1,1.4,0.3,0.1,0.0,0.1,1.1,1.6,maryland
Chance Stephens,G,7,0,5.3,0.4,1.7,0.25,0.4,1.7,0.25,0.0,0.0,,0.375,0.0,0.0,,0.0,0.0,0.0,0.0,0.0,0.0,0.0,0.1,1.3,maryland
Ben Murphy,G,10,0,2.0,0.1,0.3,0.333,0.1,0.1,1.0,0.0,0.2,0.0,0.5,0.4,0.6,0.667,0.1,0.3,0.4,0.2,0.2,0.0,0.2,0.2,0.7,maryland
Lukas Sotell,G,10,0,1.3,0.1,0.3,0.333,0.0,0.0,,0.1,0.3,0.333,0.333,0.0,0.0,,0.0,0.3,0.3,0.0,0.0,0.0,0.0,0.3,0.2,maryland
Vladislav Goldin,F,37,37,27.5,6.0,9.9,0.607,0.3,0.9,0.333,5.7,9.0,0.634,0.622,4.3,5.9,0.731,2.4,4.7,7.0,1.1,0.5,1.4,2.3,2.0,16.6,michigan
Danny Wolf,F,37,37,30.5,5.0,10.1,0.497,1.0,3.1,0.336,4.0,7.1,0.567,0.548,2.1,3.6,0.594,2.3,7.4,9.7,3.6,0.7,1.4,3.2,2.1,13.2,michigan
Tre Donaldson,G,37,37,31.1,4.0,9.3,0.433,1.7,4.5,0.375,2.3,4.8,0.489,0.525,1.6,2.3,0.69,0.5,3.0,3.5,4.1,1.0,0.1,2.2,1.6,11.3,michigan
Roddy Gayle Jr.,G,36,25,26.3,3.3,7.6,0.431,0.5,2.3,0.232,2.8,5.3,0.516,0.465,2.8,3.5,0.792,1.1,2.4,3.4,2.2,0.8,0.2,1.8,2.2,9.8,michigan
Nimari Burnett,G,37,37,26.3,3.2,6.7,0.476,1.8,4.5,0.4,1.4,2.2,0.627,0.609,1.2,1.6,0.763,0.7,2.8,3.5,1.5,0.8,0.2,1.3,2.6,9.4,michigan
Will Tschetter,F,37,0,15.9,2.2,4.6,0.477,0.9,2.6,0.351,1.3,2.0,0.64,0.576,1.0,1.2,0.86,1.0,1.4,2.4,0.6,0.2,0.1,0.5,2.0,6.4,michigan
Sam Walters,F,23,0,12.7,1.6,3.8,0.425,1.1,3.1,0.366,0.5,0.7,0.688,0.575,0.6,0.8,0.737,0.3,1.3,1.6,0.6,0.1,0.2,0.3,1.2,5.0,michigan
L.J. Cason,G,30,0,11.8,1.4,3.8,0.368,0.5,2.0,0.246,0.9,1.8,0.509,0.434,1.0,1.3,0.816,0.3,1.0,1.4,1.0,0.4,0.0,0.9,1.4,4.3,michigan
Rubin Jones,G,33,12,21.6,1.2,3.7,0.331,0.6,2.5,0.247,0.6,1.2,0.5,0.413,0.5,0.7,0.783,0.6,1.9,2.6,1.3,0.9,0.2,1.0,2.1,3.6,michigan
Justin Pippen,G,28,0,6.7,0.4,1.6,0.273,0.3,1.1,0.267,0.1,0.5,0.286,0.364,0.4,0.5,0.857,0.3,0.4,0.7,0.6,0.2,0.0,0.3,0.8,1.6,michigan
Jace Howard,G,5,0,3.8,0.2,0.8,0.25,0.0,0.0,,0.2,0.8,0.25,0.25,0.4,1.0,0.4,0.4,0.8,1.2,0.2,0.2,0.0,0.6,0.6,0.8,michigan
Phat Phat Brooks,G,15,0,3.3,0.1,0.4,0.333,0.1,0.2,0.333,0.1,0.2,0.333,0.417,0.5,0.6,0.778,0.2,0.5,0.7,0.2,0.2,0.0,0.1,0.5,0.8,michigan
Harrison Hochberg,F,6,0,1.3,0.3,0.3,1.0,0.0,0.0,,0.3,0.3,1.0,1.0,0.0,0.2,0.0,0.2,0.0,0.2,0.0,0.0,0.0,0.0,0.2,0.7,michigan
Charlie May,G,5,0,1.2,0.0,0.0,,0.0,0.0,,0.0,0.0,,,0.0,0.0,,0.0,0.4,0.4,0.0,0.0,0.0,0.2,0.0,0.0,michigan
Howard Eisley Jr.,G,3,0,1.3,0.0,0.7,0.0,0.0,0.3,0.0,0.0,0.3,0.0,0.0,0.0,0.0,,0.0,0.0,0.0,0.0,0.0,0.0,0.0,0.3,0.0,michigan
Ian Burns,G,7,0,1.1,0.0,0.3,0.0,0.0,0.3,0.0,0.0,0.0,,0.0,0.0,0.0,,0.0,0.0,0.0,0.0,0.0,0.1,0.0,0.1,0.0,michigan
John Tonje,G,37,37,31.1,5.5,11.9,0.465,2.3,5.9,0.388,3.2,5.9,0.541,0.562,6.2,6.9,0.909,0.8,4.5,5.3,1.8,0.7,0.2,1.8,1.7,19.6,wisconsin
John Blackwell,G,37,37,31.2,5.5,12.2,0.451,1.6,4.9,0.322,3.9,7.3,0.537,0.516,3.2,3.9,0.815,1.0,4.1,5.1,2.2,0.9,0.1,2.1,2.5,15.8,wisconsin
Steven Crowl,F,37,37,25.6,3.8,7.0,0.539,0.9,2.1,0.416,2.9,4.9,0.591,0.601,1.5,1.8,0.821,1.4,3.9,5.3,2.4,0.5,0.5,1.4,2.1,9.9,wisconsin
Nolan Winter,F,37,37,21.1,3.4,6.1,0.564,0.9,2.6,0.358,2.5,3.5,0.715,0.64,1.6,2.1,0.769,1.7,4.1,5.8,1.1,0.4,0.4,0.8,1.6,9.4,wisconsin
Max Klesmit,G,33,33,27.6,2.8,8.1,0.345,1.6,5.5,0.29,1.2,2.5,0.464,0.444,2.0,2.4,0.846,0.2,2.1,2.4,2.7,0.8,0.1,1.1,1.7,9.2,wisconsin
Kamari McGee,G,37,4,21.9,2.3,5.0,0.457,1.1,2.3,0.459,1.2,2.7,0.455,0.563,0.9,1.1,0.805,0.6,2.1,2.7,1.8,0.9,0.1,0.7,2.1,6.5,wisconsin
Carter Gilmore,F,37,0,19.1,1.4,3.0,0.468,0.6,1.7,0.339,0.8,1.3,0.633,0.563,0.6,0.8,0.724,0.8,1.8,2.6,1.3,0.3,0.5,0.5,2.2,3.9,wisconsin
Xavier Amos,F,37,0,9.6,1.2,3.3,0.374,0.5,1.8,0.294,0.7,1.5,0.473,0.455,0.5,0.7,0.704,0.4,1.4,1.8,0.4,0.2,0.3,0.5,0.9,3.5,wisconsin
Jack Janicki,G,37,0,11.4,0.7,1.9,0.391,0.4,1.3,0.277,0.4,0.6,0.636,0.486,0.1,0.2,0.333,0.3,1.1,1.4,0.8,0.4,0.2,0.2,1.1,1.9,wisconsin
Markus Ilver,F,20,0,3.5,0.5,1.4,0.357,0.4,1.1,0.333,0.2,0.4,0.429,0.482,0.2,0.2,1.0,0.1,0.4,0.5,0.1,0.1,0.1,0.2,0.5,1.6,wisconsin
Riccardo Greppi,F,9,0,2.3,0.2,0.3,0.667,0.0,0.1,0.0,0.2,0.2,1.0,0.667,0.4,0.7,0.667,0.4,0.7,1.1,0.1,0.0,0.1,0.2,0.3,0.9,wisconsin
Jack Robison,F,13,0,1.2,0.2,0.3,0.5,0.2,0.2,1.0,0.0,0.2,0.0,0.75,0.0,0.0,,0.2,0.2,0.3,0.1,0.0,0.0,0.0,0.1,0.5,wisconsin
Camren Hunter,G,11,0,2.1,0.1,0.7,0.125,0.1,0.4,0.25,0.0,0.4,0.0,0.188,0.0,0.0,,0.2,0.3,0.5,0.1,0.0,0.0,0.2,0.4,0.3,wisconsin
Isaac Gard,G,13,0,1.0,0.1,0.1,1.0,0.1,0.1,1.0,0.0,0.0,,1.5,0.0,0.0,,0.0,0.2,0.2,0.1,0.0,0.0,0.0,0.1,0.2,wisconsin
Daniel Freitag,G,14,0,2.1,0.1,0.8,0.091,0.0,0.4,0.0,0.1,0.4,0.2,0.091,0.0,0.2,0.0,0.1,0.1,0.3,0.2,0.1,0.0,0.1,0.6,0.1,wisconsin
Chris Hodges,F,15,0,1.0,0.0,0.2,0.0,0.0,0.1,0.0,0.0,0.1,0.0,0.0,0.1,0.3,0.25,0.0,0.0,0.0,0.0,0.1,0.0,0.1,0.1,0.1,wisconsin
Aidan Konop,G,4,0,0.8,0.0,0.0,,0.0,0.0,,0.0,0.0,,,0.0,0.0,,0.0,0.0,0.0,0.0,0.0,0.0,0.0,0.0,0.0,wisconsin
Tyler Bilodeau,F,33,33,26.5,5.2,10.5,0.496,1.2,2.9,0.4,4.0,7.6,0.532,0.551,2.0,2.8,0.717,1.5,3.1,4.6,1.5,0.9,0.3,1.2,2.2,13.5,ucla
Eric Dailey Jr.,F,33,33,23.5,4.2,8.4,0.507,1.0,2.7,0.378,3.2,5.6,0.57,0.569,1.9,2.6,0.721,1.2,2.7,4.0,1.4,1.3,0.2,1.0,2.7,11.4,ucla
Sebastian Mack,G,34,1,21.0,3.0,7.0,0.426,0.6,2.1,0.314,2.3,4.9,0.473,0.473,3.0,4.0,0.743,0.3,1.8,2.1,1.7,0.9,0.0,1.4,1.7,9.6,ucla
Skyy Clark,G,34,34,26.3,2.9,6.4,0.458,1.4,3.6,0.397,1.5,2.8,0.537,0.569,1.2,1.6,0.778,0.8,2.0,2.8,2.7,1.3,0.1,1.1,2.2,8.5,ucla
Kobe Johnson,F,34,34,29.0,2.9,6.1,0.464,1.1,3.1,0.362,1.7,3.1,0.567,0.555,1.1,1.6,0.704,1.8,4.1,5.9,2.9,1.6,0.3,1.5,2.9,7.9,ucla
Dylan Andrews,G,32,29,24.8,2.7,7.0,0.379,1.1,3.3,0.327,1.6,3.8,0.425,0.455,0.5,0.7,0.696,0.3,1.2,1.6,3.4,0.6,0.1,1.7,0.9,6.9,ucla
Aday Mara,C,33,1,13.1,2.6,4.4,0.59,0.0,0.0,,2.6,4.4,0.59,0.59,1.2,2.2,0.577,1.8,2.2,4.0,1.0,0.2,1.6,0.8,1.4,6.4,ucla
Lazar Stefanovic,G,34,5,16.4,1.7,4.1,0.404,0.7,2.2,0.32,1.0,1.9,0.5,0.489,0.6,0.6,0.955,0.7,1.2,1.9,0.9,0.5,0.0,0.5,1.3,4.7,ucla
Trent Perry,G,32,0,11.3,1.0,2.6,0.369,0.4,1.1,0.343,0.6,1.5,0.388,0.44,1.4,1.6,0.863,0.5,1.1,1.7,0.7,0.6,0.1,0.5,1.1,3.7,ucla
William Kyle III,F,32,0,9.8,1.2,1.7,0.704,0.0,0.0,,1.2,1.7,0.704,0.704,0.5,1.3,0.395,0.8,1.0,1.8,0.4,0.2,0.6,0.4,1.1,2.9,ucla
Dominick Harris,G,11,0,7.4,0.4,2.4,0.154,0.2,1.6,0.111,0.2,0.7,0.25,0.192,0.2,0.2,1.0,0.2,0.5,0.6,0.1,0.4,0.0,0.3,0.5,1.1,ucla
Jack Seidler,G,7,0,2.1,0.1,0.6,0.25,0.0,0.3,0.0,0.1,0.3,0.5,0.25,0.0,0.0,,0.0,0.1,0.1,0.0,0.0,0.0,0.0,0.0,0.3,ucla
Trey Kaufman-Renn,F,36,36,30.8,8.1,13.6,0.595,0.1,0.2,0.429,8.0,13.4,0.597,0.598,3.8,5.8,0.648,2.6,3.9,6.5,2.2,0.7,0.3,2.2,2.9,20.1,purdue
Braden Smith,G,36,36,37.0,5.6,13.1,0.428,2.3,6.1,0.381,3.3,7.1,0.469,0.516,2.2,2.7,0.833,0.4,4.1,4.5,8.7,2.2,0.2,3.0,1.7,15.8,purdue
Fletcher Loyer,G,36,36,30.9,4.3,9.2,0.465,2.1,4.7,0.444,2.2,4.5,0.488,0.579,3.1,3.7,0.848,0.3,1.8,2.1,1.8,0.5,0.0,1.2,1.1,13.8,purdue
Daniel Jacobsen,C,2,2,13.0,2.0,3.0,0.667,0.0,0.5,0.0,2.0,2.5,0.8,0.667,2.5,3.5,0.714,0.5,3.0,3.5,0.0,0.0,1.5,0.5,0.0,6.5,purdue
C.J. Cox,G,36,23,18.6,1.9,4.2,0.461,0.9,2.3,0.398,1.0,1.9,0.536,0.569,1.2,1.5,0.782,0.8,2.0,2.8,0.7,0.7,0.0,0.5,1.4,6.0,purdue
Myles Colvin,G,36,8,17.8,1.9,5.2,0.374,1.1,3.6,0.313,0.8,1.6,0.518,0.484,0.4,0.6,0.667,0.5,2.1,2.6,0.5,0.6,0.2,0.6,1.8,5.4,purdue
Camden Heide,F,36,8,19.6,1.5,3.1,0.491,0.9,2.2,0.392,0.6,0.9,0.742,0.632,0.8,1.0,0.806,0.9,2.8,3.6,0.4,0.4,0.2,0.3,2.0,4.7,purdue
Caleb Furst,F,36,23,18.4,1.3,2.4,0.545,0.0,0.0,,1.3,2.4,0.545,0.545,1.4,2.2,0.646,1.7,1.9,3.5,0.4,0.6,0.2,0.8,2.2,4.1,purdue
Gicarri Harris,G,36,5,15.0,1.3,3.2,0.391,0.6,2.0,0.31,0.6,1.2,0.523,0.487,0.7,0.8,0.926,0.5,1.4,1.9,0.8,0.4,0.1,0.4,1.1,3.8,purdue
Brian Waddell,F,9,0,4.4,0.7,1.1,0.6,0.3,0.4,0.75,0.3,0.7,0.5,0.75,0.3,0.4,0.75,0.0,0.8,0.8,0.4,0.1,0.0,0.6,0.2,2.0,purdue
Raleigh Burgess,F,31,0,6.4,0.7,1.4,0.535,0.2,0.5,0.4,0.5,0.9,0.607,0.605,0.2,0.5,0.412,0.5,0.7,1.3,0.2,0.3,0.1,0.3,0.8,1.9,purdue
Will Berg,C,22,3,6.1,0.7,0.9,0.842,0.0,0.0,,0.7,0.9,0.842,0.842,0.4,0.7,0.5,0.4,0.9,1.3,0.3,0.1,0.2,0.4,1.3,1.8,purdue
Jace Rayl,G,4,0,1.5,0.0,0.3,0.0,0.0,0.0,,0.0,0.3,0.0,0.0,0.3,0.5,0.5,0.0,0.0,0.0,0.0,0.0,0.0,0.5,0.0,0.3,purdue
Sam King,F,6,0,2.2,0.2,0.3,0.5,0.0,0.0,,0.2,0.3,0.5,0.5,0.0,0.0,,0.2,0.3,0.5,0.0,0.0,0.0,0.2,0.5,0.3,purdue
Jack Lusk,G,5,0,1.4,0.0,0.0,,0.0,0.0,,0.0,0.0,,,0.0,0.0,,0.0,0.2,0.2,0.0,0.0,0.0,0.0,0.2,0.0,purdue
Josh Furst,F,2,0,1.0,0.0,0.0,,0.0,0.0,,0.0,0.0,,,0.0,0.0,,0.0,0.0,0.0,0.0,0.0,0.0,0.0,0.0,0.0,purdue
Kasparas Jakucionis,G,33,33,31.8,4.5,10.3,0.44,1.6,5.2,0.318,2.9,5.1,0.562,0.519,4.3,5.1,0.845,1.4,4.3,5.7,4.7,0.9,0.3,3.7,2.7,15.0,illinois
Tomislav Ivisic,C,32,31,26.8,4.9,9.9,0.492,1.7,4.8,0.357,3.2,5.1,0.62,0.579,1.5,2.0,0.75,1.8,5.9,7.7,2.3,0.6,1.2,1.6,2.4,13.0,illinois
Will Riley,F,35,9,25.7,4.4,10.3,0.432,1.3,4.1,0.326,3.1,6.1,0.502,0.497,2.4,3.3,0.724,1.2,2.9,4.1,2.2,0.3,0.3,1.2,1.2,12.6,illinois
Kylan Boswell,G,35,34,31.0,4.0,9.4,0.427,1.0,4.1,0.245,3.0,5.3,0.567,0.48,3.2,4.1,0.79,1.3,3.5,4.8,3.4,1.1,0.3,2.1,1.8,12.3,illinois
Tre White,G,32,31,23.3,3.6,7.0,0.507,0.7,2.2,0.329,2.8,4.8,0.587,0.558,2.6,3.2,0.824,1.4,4.0,5.5,0.8,0.4,0.4,1.0,2.0,10.5,illinois
Ben Humrichous,F,35,26,25.9,2.6,6.9,0.375,1.8,5.2,0.343,0.8,1.7,0.475,0.504,0.7,1.0,0.706,1.2,2.7,3.8,0.9,0.5,0.7,0.5,1.5,7.6,illinois
Morez Johnson Jr.,F,30,8,17.6,2.6,4.0,0.642,0.0,0.0,,2.6,4.0,0.642,0.642,1.8,3.0,0.618,2.7,3.9,6.7,0.3,0.4,1.1,0.8,2.5,7.0,illinois
Dra Gibbs-Lawhorn,G,35,2,14.9,2.2,5.0,0.443,0.7,2.8,0.255,1.5,2.2,0.684,0.514,0.8,1.0,0.806,0.7,0.8,1.6,0.5,0.3,0.1,0.7,1.6,5.9,illinois
Jake Davis,F,32,1,9.4,1.1,2.7,0.412,0.7,2.0,0.344,0.4,0.7,0.619,0.541,0.1,0.2,0.5,0.5,0.9,1.4,0.3,0.0,0.2,0.3,1.2,3.0,illinois
Carey Booth,F,21,0,5.1,0.4,1.6,0.273,0.3,1.2,0.24,0.1,0.4,0.375,0.364,0.1,0.2,0.5,0.1,0.9,1.0,0.0,0.0,0.2,0.3,0.5,1.2,illinois
Keaton Kutcher,G,13,0,1.7,0.2,0.5,0.333,0.1,0.4,0.2,0.1,0.1,1.0,0.417,0.0,0.0,,0.0,0.2,0.2,0.1,0.0,0.0,0.0,0.1,0.4,illinois
AJ Redd,G,14,0,2.0,0.1,0.4,0.2,0.0,0.0,,0.1,0.4,0.2,0.2,0.1,0.4,0.167,0.1,0.4,0.6,0.1,0.1,0.1,0.1,0.1,0.2,illinois
Nathan Bittle,C,35,35,27.7,5.3,10.3,0.511,1.0,3.1,0.336,4.3,7.3,0.584,0.561,2.6,3.2,0.811,1.9,5.7,7.6,1.9,0.8,2.1,1.6,2.5,14.2,oregon
Jackson Shelstad,G,35,35,32.9,4.9,10.8,0.451,1.9,5.0,0.379,3.0,5.9,0.512,0.538,2.0,2.4,0.835,0.4,2.5,2.9,2.7,1.0,0.0,1.5,1.1,13.7,oregon
TJ Bamba,G,35,35,28.0,3.5,9.0,0.389,0.7,2.8,0.253,2.8,6.1,0.451,0.428,2.8,3.7,0.74,0.5,2.9,3.4,3.0,1.8,0.1,1.5,2.4,10.5,oregon
Keeshawn Barthelemy,G,35,14,27.8,3.5,8.3,0.426,1.8,4.3,0.414,1.7,4.0,0.439,0.534,1.1,1.3,0.886,0.5,1.8,2.3,2.5,1.1,0.1,1.0,1.1,10.0,oregon
Brandon Angel,F,35,35,22.9,3.0,5.5,0.536,0.7,1.9,0.368,2.3,3.6,0.627,0.601,1.6,2.0,0.826,1.1,2.7,3.8,1.1,0.5,0.3,1.4,2.2,8.3,oregon
Jadrian Tracey,F,35,16,21.3,2.6,5.4,0.479,0.9,2.7,0.34,1.7,2.7,0.617,0.564,0.8,1.2,0.69,0.8,2.0,2.8,1.7,0.9,0.1,1.1,1.9,6.9,oregon
Kwame Evans Jr.,F,35,3,16.3,1.9,4.1,0.465,0.4,1.5,0.269,1.5,2.6,0.578,0.514,1.9,2.7,0.723,1.6,3.0,4.6,0.7,0.4,0.6,1.1,1.9,6.1,oregon
Supreme Cook,F,32,0,11.0,1.7,3.2,0.545,0.0,0.0,,1.7,3.2,0.545,0.545,1.2,2.1,0.582,1.0,1.6,2.6,0.2,0.3,0.1,0.8,1.4,4.7,oregon
Ra'Heim Moss,G,30,2,10.4,0.5,1.5,0.318,0.1,0.5,0.125,0.4,0.9,0.429,0.341,0.5,0.8,0.696,0.3,1.3,1.6,0.5,0.4,0.0,0.5,1.1,1.5,oregon
Jamari Phillips,G,14,0,5.3,0.4,1.5,0.238,0.3,1.1,0.267,0.1,0.4,0.167,0.333,0.4,0.5,0.714,0.1,0.7,0.8,0.2,0.1,0.0,0.6,0.9,1.4,oregon
Mookie Cook,F,24,0,4.3,0.4,0.7,0.588,0.2,0.4,0.444,0.3,0.3,0.75,0.706,0.1,0.3,0.5,0.2,0.3,0.5,0.1,0.2,0.2,0.0,0.5,1.1,oregon
Jayson Williams-Johnson,G,7,0,1.9,0.1,0.6,0.25,0.0,0.0,,0.1,0.6,0.25,0.25,0.0,0.0,,0.0,0.0,0.0,0.3,0.1,0.0,0.1,0.3,0.3,oregon
Drew Carter,G,4,0,2.0,0.0,0.3,0.0,0.0,0.3,0.0,0.0,0.0,,0.0,0.0,0.0,,0.0,0.0,0.0,0.0,0.3,0.0,0.0,0.3,0.0,oregon
James Cooper,F,6,0,2.0,0.0,0.0,,0.0,0.0,,0.0,0.0,,,0.0,0.0,,0.2,0.2,0.3,0.5,0.2,0.0,0.0,0.5,0.0,oregon
Luke Johnson,F,2,0,1.0,0.0,0.0,,0.0,0.0,,0.0,0.0,,,0.0,0.0,,0.0,0.0,0.0,0.0,0.0,0.0,0.0,0.0,0.0,oregon
Oleksandr Kobzystyi,F,2,0,4.0,0.0,1.0,0.0,0.0,0.5,0.0,0.0,0.5,0.0,0.0,0.0,0.0,,0.5,0.0,0.5,0.0,0.0,0.0,1.0,1.0,0.0,oregon
Malik Reneau,F,26,19,23.2,5.3,9.7,0.552,0.1,0.9,0.125,5.2,8.8,0.596,0.558,2.5,3.5,0.733,1.7,3.8,5.5,2.0,0.8,0.5,1.6,2.5,13.3,indiana
Oumar Ballo,C,31,29,28.9,5.1,8.1,0.623,0.0,0.0,,5.1,8.1,0.623,0.623,2.9,5.0,0.571,3.0,6.1,9.1,2.1,0.7,1.3,2.0,2.0,13.0,indiana
Mackenzie Mgbako,F,32,31,25.2,4.3,9.9,0.437,1.5,4.5,0.329,2.9,5.5,0.526,0.511,2.0,2.5,0.81,1.2,3.3,4.6,1.1,0.3,0.5,1.2,1.6,12.2,indiana
Myles Rice,G,32,25,27.4,3.5,8.5,0.412,0.8,2.6,0.325,2.7,5.9,0.45,0.461,2.3,2.8,0.818,0.4,2.3,2.8,2.8,1.0,0.1,2.2,2.6,10.1,indiana
Luke Goode,G,32,16,26.7,2.8,6.7,0.414,1.9,4.9,0.392,0.8,1.8,0.474,0.558,1.6,1.8,0.879,0.8,2.3,3.1,0.6,0.8,0.2,0.4,2.3,9.1,indiana
Trey Galloway,G,32,20,28.0,3.4,8.0,0.422,1.2,3.5,0.327,2.2,4.5,0.497,0.494,0.8,1.3,0.643,0.8,1.6,2.3,4.7,0.6,0.2,2.5,1.8,8.8,indiana
Bryson Tucker,F,23,0,16.5,2.1,5.5,0.378,0.1,0.9,0.15,2.0,4.7,0.421,0.39,1.1,1.6,0.722,0.7,2.2,2.9,0.6,0.3,0.0,0.6,1.0,5.4,indiana
Kanaan Carlyle,G,25,6,16.2,1.6,5.4,0.289,0.7,2.8,0.243,0.9,2.6,0.338,0.352,0.2,0.6,0.429,0.3,1.3,1.6,1.2,0.5,0.2,0.7,1.6,4.0,indiana
Anthony Leal,G,26,14,21.0,1.0,1.7,0.578,0.3,0.7,0.412,0.7,1.1,0.679,0.656,1.0,1.6,0.619,0.7,2.2,2.9,1.8,1.1,0.4,0.7,2.0,3.3,indiana
Langdon Hatton,F,19,0,6.3,0.6,1.1,0.55,0.0,0.0,,0.6,1.1,0.55,0.55,0.9,1.2,0.739,0.7,0.8,1.5,0.3,0.2,0.3,0.5,0.9,2.1,indiana
Jakai Newton,G,4,0,4.5,0.8,1.5,0.5,0.0,0.3,0.0,0.8,1.3,0.6,0.5,0.0,0.3,0.0,0.0,0.8,0.8,0.0,0.3,0.0,0.3,0.5,1.5,indiana
Gabe Cupps,G,4,0,6.3,0.0,1.0,0.0,0.0,0.8,0.0,0.0,0.3,0.0,0.0,0.0,0.0,,0.0,0.3,0.3,0.8,0.5,0.0,0.0,1.5,0.0,indiana
Jordan Rayford,G,1,0,1.0,0.0,0.0,,0.0,0.0,,0.0,0.0,,,0.0,0.0,,0.0,0.0,0.0,0.0,0.0,0.0,0.0,0.0,0.0,indiana
Bruce Thornton,G,32,32,36.2,5.8,11.7,0.501,1.8,4.3,0.424,4.0,7.3,0.547,0.58,4.2,4.9,0.853,0.3,3.1,3.4,4.6,1.1,0.1,1.5,1.5,17.7,ohio-state
Devin Royal,F,31,27,28.8,4.7,9.0,0.525,0.5,1.9,0.276,4.2,7.2,0.59,0.554,3.7,4.8,0.772,2.2,4.7,6.9,1.1,0.9,0.3,1.7,2.8,13.7,ohio-state
Micah Parrish,F,31,31,32.1,4.5,10.1,0.439,1.9,5.3,0.356,2.6,4.9,0.53,0.532,2.5,3.2,0.79,0.7,3.7,4.4,1.5,1.2,0.4,2.1,2.6,13.3,ohio-state
John Mobley Jr.,G,32,22,27.8,4.1,10.6,0.389,2.4,6.3,0.385,1.7,4.3,0.396,0.503,2.3,2.7,0.882,0.2,1.4,1.5,2.2,0.7,0.1,1.5,1.9,13.0,ohio-state
Meechie Johnson Jr.,G,10,10,28.8,3.2,9.0,0.356,2.0,5.6,0.357,1.2,3.4,0.353,0.467,0.7,1.4,0.5,0.0,2.5,2.5,2.7,1.1,0.2,2.3,1.6,9.1,ohio-state
Aaron Bradshaw,F,22,5,16.9,2.3,4.6,0.49,0.4,1.5,0.273,1.9,3.1,0.594,0.534,1.0,1.4,0.742,1.0,1.7,2.7,0.2,0.6,0.7,0.4,2.6,6.0,ohio-state
Sean Stewart,F,30,30,18.4,2.4,4.4,0.542,0.0,0.1,0.5,2.3,4.3,0.543,0.546,0.9,1.8,0.5,1.5,4.3,5.8,0.6,0.7,0.9,1.1,3.4,5.7,ohio-state
Ques Glover,G,24,0,16.0,1.6,4.7,0.345,0.5,1.3,0.344,1.2,3.4,0.346,0.394,0.7,1.0,0.708,0.4,1.0,1.4,1.2,0.4,0.1,0.8,1.8,4.4,ohio-state
Evan Mahaffey,F,32,3,18.0,1.5,2.3,0.671,0.0,0.1,0.5,1.5,2.2,0.676,0.678,0.5,1.2,0.385,1.3,1.8,3.1,0.8,0.7,0.9,0.6,2.2,3.6,ohio-state
Ivan Njegovan,C,21,0,5.7,0.6,1.2,0.5,0.1,0.3,0.286,0.5,0.9,0.579,0.538,0.2,0.3,0.714,0.6,0.9,1.5,0.1,0.0,0.4,0.1,0.8,1.6,ohio-state
Kalen Etzler,F,7,0,2.4,0.6,0.7,0.8,0.3,0.3,1.0,0.3,0.4,0.667,1.0,0.0,0.0,,0.0,0.6,0.6,0.0,0.1,0.0,0.1,0.1,1.4,ohio-state
Austin Parks,C,15,0,8.3,0.5,1.0,0.533,0.0,0.1,0.0,0.5,0.9,0.571,0.533,0.3,0.5,0.5,0.5,0.4,0.9,0.3,0.1,0.1,0.3,1.3,1.3,ohio-state
Colin White,F,19,0,7.9,0.4,1.1,0.35,0.2,0.7,0.308,0.2,0.4,0.429,0.45,0.2,0.3,0.5,0.4,0.7,1.1,0.3,0.3,0.2,0.3,1.1,1.1,ohio-state
Braylen Nash,G,9,0,1.6,0.1,0.1,1.0,0.1,0.1,1.0,0.0,0.0,,1.5,0.2,0.2,1.0,0.0,0.0,0.0,0.0,0.1,0.0,0.1,0.1,0.6,ohio-state
Colby Baumann,G,9,0,2.0,0.0,0.2,0.0,0.0,0.1,0.0,0.0,0.1,0.0,0.0,0.0,0.0,,0.0,0.1,0.1,0.2,0.0,0.0,0.0,0.0,0.0,ohio-state
Dylan Harper,G,29,28,32.6,6.7,13.8,0.484,1.7,5.2,0.333,5.0,8.7,0.574,0.546,4.3,5.8,0.75,0.8,3.8,4.6,4.0,1.4,0.6,2.4,1.9,19.4,rutgers
Airious Bailey,G,30,30,33.3,6.8,14.7,0.46,1.6,4.5,0.346,5.2,10.2,0.511,0.514,2.5,3.6,0.692,2.1,5.1,7.2,1.3,1.0,1.3,2.0,2.8,17.6,rutgers
Lathan Sommerville,C,32,15,20.9,2.8,5.5,0.506,0.0,0.3,0.111,2.8,5.2,0.527,0.509,2.6,3.0,0.863,1.3,2.8,4.1,0.6,0.4,0.6,1.1,2.5,8.2,rutgers
Jeremiah Williams,G,31,26,24.3,2.6,5.9,0.448,0.4,1.5,0.283,2.2,4.4,0.504,0.484,1.3,2.0,0.661,0.9,2.0,2.9,2.0,1.3,0.2,1.7,2.1,7.0,rutgers
Dylan Grant,F,21,16,18.8,2.3,5.2,0.445,0.5,2.0,0.233,1.9,3.2,0.582,0.491,0.8,1.3,0.571,1.6,1.8,3.4,0.2,0.4,0.6,0.4,1.1,5.9,rutgers
Jordan Derkack,G,31,10,17.0,1.5,4.0,0.363,0.4,1.4,0.25,1.1,2.6,0.425,0.407,2.4,3.3,0.735,0.8,2.0,2.8,1.5,0.7,0.2,1.4,2.0,5.7,rutgers
Tyson Acuff,G,32,4,15.5,1.8,4.6,0.381,1.2,3.0,0.392,0.6,1.6,0.36,0.51,0.7,0.9,0.724,0.3,1.4,1.6,1.1,0.3,0.0,0.4,0.7,5.3,rutgers
Jamichael Davis,G,32,7,18.0,1.6,4.4,0.371,0.4,1.3,0.333,1.2,3.1,0.388,0.421,0.9,1.3,0.651,0.5,1.0,1.5,1.7,0.9,0.3,0.5,1.4,4.6,rutgers
Zach Martini,F,30,8,17.4,1.3,3.1,0.426,1.0,2.7,0.363,0.4,0.5,0.786,0.58,0.5,0.8,0.652,0.7,1.3,2.0,0.5,0.4,0.1,0.4,1.1,4.1,rutgers
Emmanuel Ogbole,C,23,15,13.3,1.2,2.0,0.587,0.0,0.0,,1.2,2.0,0.587,0.587,0.7,1.3,0.567,1.4,2.3,3.7,0.2,0.3,0.4,0.7,1.6,3.1,rutgers
PJ Hayes,F,23,1,11.1,1.0,2.9,0.328,0.7,2.3,0.321,0.2,0.6,0.357,0.455,0.3,0.3,0.75,0.4,1.2,1.6,0.6,0.3,0.0,0.2,0.9,2.9,rutgers
Peter Noble,G,2,0,1.0,0.5,1.0,0.5,0.5,1.0,0.5,0.0,0.0,,0.75,0.0,0.0,,0.0,0.0,0.0,0.0,0.0,0.0,0.0,0.0,1.5,rutgers
Bryce Dortch,F,12,0,6.5,0.4,0.6,0.714,0.0,0.0,,0.4,0.6,0.714,0.714,0.3,0.6,0.429,0.4,0.8,1.2,0.3,0.3,0.5,0.1,1.5,1.1,rutgers
Max Fradkin,G,2,0,1.0,0.0,0.5,0.0,0.0,0.5,0.0,0.0,0.0,,0.0,0.0,0.0,,0.0,0.0,0.0,0.0,0.5,0.0,0.0,0.0,0.0,rutgers
Nick Martinelli,F,33,33,37.6,7.6,16.2,0.471,1.0,2.9,0.333,6.6,13.2,0.501,0.501,4.3,5.9,0.728,2.4,3.8,6.2,1.7,0.7,0.2,2.0,2.3,20.5,northwestern
Brooks Barnhizer,G,17,17,36.9,6.1,14.6,0.414,1.0,3.8,0.266,5.1,10.9,0.465,0.448,4.0,5.2,0.764,1.5,7.3,8.8,4.2,2.3,1.1,2.8,1.7,17.1,northwestern
Jalen Leach,G,23,23,31.4,4.7,10.4,0.448,1.7,4.3,0.394,3.0,6.1,0.486,0.529,3.3,3.9,0.865,0.6,1.5,2.1,3.4,1.0,0.1,1.7,2.7,14.3,northwestern
Ty Berry,G,33,28,29.2,3.5,8.9,0.399,2.2,5.8,0.385,1.3,3.1,0.426,0.526,1.2,1.6,0.788,0.5,3.1,3.6,1.3,1.3,0.2,1.0,2.3,10.6,northwestern
K.J. Windham,G,29,4,16.8,1.9,5.1,0.378,0.9,2.8,0.305,1.1,2.3,0.47,0.463,0.8,1.0,0.8,0.1,1.0,1.1,2.0,0.7,0.1,0.9,1.7,5.6,northwestern
Matthew Nicholson,C,33,33,24.4,2.0,3.4,0.586,0.0,0.0,0.0,2.0,3.3,0.591,0.586,1.2,2.3,0.539,2.1,3.4,5.5,1.4,0.7,1.4,0.7,2.2,5.2,northwestern
Jordan Clayton,G,10,10,20.7,1.8,5.2,0.346,0.7,2.5,0.28,1.1,2.7,0.407,0.413,0.4,0.4,1.0,0.1,2.3,2.4,2.5,0.7,0.1,1.0,2.1,4.7,northwestern
Justin Mullins,G,32,10,22.3,1.7,3.7,0.466,0.5,1.7,0.296,1.2,2.0,0.609,0.534,0.4,0.8,0.56,0.8,2.5,3.3,1.4,1.0,0.2,0.7,1.9,4.4,northwestern
Angelo Ciaravino,G,31,7,11.2,1.1,2.8,0.402,0.3,1.1,0.294,0.8,1.7,0.472,0.46,0.5,0.8,0.68,0.8,1.0,1.8,0.5,0.5,0.2,0.6,1.5,3.1,northwestern
Luke Hunger,F,25,0,12.6,1.3,3.4,0.381,0.1,0.7,0.111,1.2,2.6,0.455,0.393,0.2,0.3,0.625,1.1,1.2,2.4,1.2,0.0,0.1,0.5,1.5,2.8,northwestern
Keenan Fitzmorris,C,22,0,8.9,0.9,1.4,0.633,0.0,0.0,,0.9,1.4,0.633,0.633,0.4,0.5,0.9,0.6,0.5,1.0,0.3,0.1,0.7,0.2,1.4,2.1,northwestern
Blake Barkley,F,4,0,3.3,0.5,1.3,0.4,0.0,0.3,0.0,0.5,1.0,0.5,0.4,0.0,0.0,,0.3,0.8,1.0,0.0,0.0,0.0,0.0,0.8,1.0,northwestern
Blake Smith,G,18,0,3.2,0.0,0.1,0.0,0.0,0.1,0.0,0.0,0.1,0.0,0.0,0.3,0.4,0.75,0.0,0.2,0.2,0.2,0.1,0.0,0.1,0.8,0.3,northwestern
Gus Hurlburt,F,3,0,0.7,0.0,0.0,,0.0,0.0,,0.0,0.0,,,0.0,0.0,,0.0,0.0,0.0,0.0,0.0,0.0,0.0,0.0,0.0,northwestern
Brice Williams,G,35,35,34.1,6.5,13.8,0.471,1.9,5.3,0.37,4.6,8.6,0.533,0.541,5.4,6.1,0.883,0.5,3.5,4.1,2.9,1.1,0.3,2.4,1.8,20.4,nebraska
Juwan Gary,F,35,35,30.5,5.0,11.1,0.452,1.2,3.5,0.339,3.8,7.6,0.506,0.506,3.3,4.1,0.8,1.9,3.3,5.1,0.9,1.2,0.7,1.1,2.1,14.6,nebraska
Connor Essegian,G,35,3,22.5,3.6,8.8,0.406,2.2,5.9,0.377,1.3,2.9,0.465,0.532,1.4,1.7,0.8,0.2,2.6,2.8,1.1,0.5,0.1,0.9,1.0,10.7,nebraska
Andrew Morgan,F,35,9,19.2,3.2,5.5,0.581,0.1,0.4,0.286,3.1,5.1,0.605,0.592,1.8,3.1,0.569,1.5,2.9,4.4,1.1,0.5,0.3,1.5,1.9,8.2,nebraska
Rollie Worster,G,31,26,25.7,2.5,5.9,0.432,0.4,1.6,0.22,2.2,4.3,0.511,0.462,1.6,2.2,0.71,0.6,3.5,4.1,2.6,0.9,0.2,1.3,1.8,7.0,nebraska
Berke Buyuktuncel,F,31,28,22.7,2.2,5.5,0.401,0.7,2.7,0.277,1.5,2.9,0.517,0.468,0.8,1.3,0.65,1.4,4.1,5.5,1.4,0.8,0.6,1.2,2.4,6.0,nebraska
Sam Hoiberg,G,35,15,23.3,1.3,3.0,0.434,0.6,1.6,0.357,0.7,1.4,0.52,0.528,0.7,0.8,0.857,0.3,1.9,2.3,1.9,1.4,0.1,1.0,2.0,3.9,nebraska
Braxton Meah,C,29,20,13.3,1.2,1.6,0.766,0.0,0.0,,1.2,1.6,0.766,0.766,0.5,1.1,0.452,1.0,2.4,3.4,0.7,0.2,0.4,1.0,1.6,3.0,nebraska
Ahron Ulis,G,31,1,11.2,1.0,2.7,0.361,0.2,0.8,0.231,0.8,1.8,0.421,0.398,0.3,0.6,0.45,0.4,0.9,1.3,1.5,0.5,0.0,0.5,1.0,2.4,nebraska
Gavin Griffiths,G,16,0,8.5,0.8,2.4,0.342,0.4,1.8,0.25,0.4,0.6,0.6,0.434,0.0,0.0,,0.2,1.4,1.6,0.8,0.3,0.4,0.4,0.9,2.1,nebraska
Cale Jacobsen,G,24,3,7.5,0.5,1.0,0.44,0.2,0.5,0.364,0.3,0.6,0.5,0.52,0.1,0.2,0.75,0.1,1.1,1.2,0.9,0.5,0.2,0.5,0.5,1.2,nebraska
Jeff Grace,G,11,0,1.0,0.3,0.5,0.6,0.0,0.0,,0.3,0.5,0.6,0.6,0.1,0.2,0.5,0.2,0.1,0.3,0.0,0.1,0.0,0.0,0.1,0.6,nebraska
Henry Burt,F,4,0,1.8,0.3,1.0,0.25,0.0,0.3,0.0,0.3,0.8,0.333,0.25,0.0,0.0,,0.0,0.0,0.0,0.0,0.0,0.0,0.0,0.3,0.5,nebraska
Desmond Claude,G,33,32,32.4,5.4,11.1,0.482,0.7,2.3,0.307,4.7,8.8,0.527,0.514,4.4,5.8,0.764,0.5,3.1,3.5,4.2,0.6,0.2,3.5,2.2,15.8,southern-california
Wesley Yates III,G,33,24,30.5,5.0,10.4,0.478,1.6,3.7,0.439,3.3,6.7,0.5,0.557,2.5,3.2,0.798,0.9,1.9,2.9,1.8,1.2,0.2,1.8,2.1,14.1,southern-california
Chibuzo Agbo,G,33,30,32.2,3.7,9.1,0.411,2.3,5.8,0.396,1.4,3.2,0.439,0.538,2.1,2.4,0.861,1.2,3.3,4.5,1.2,1.0,0.2,1.2,2.8,11.8,southern-california
Terrance Williams II,F,7,6,32.0,3.4,6.7,0.511,1.3,3.6,0.36,2.1,3.1,0.682,0.606,2.4,3.0,0.81,1.4,3.1,4.6,0.9,0.7,0.3,0.3,2.0,10.6,southern-california
Saint Thomas,F,35,35,33.9,3.8,8.2,0.465,0.8,2.5,0.303,3.1,5.7,0.538,0.512,1.1,1.7,0.633,1.1,4.8,5.9,4.2,1.3,0.5,2.4,2.4,9.5,southern-california
Rashaun Agee,F,34,10,20.1,3.4,6.1,0.55,0.8,2.0,0.391,2.6,4.1,0.629,0.615,1.9,2.5,0.741,1.6,2.9,4.5,1.0,0.7,0.8,1.1,2.3,9.4,southern-california
Josh Cohen,F,33,25,12.6,2.3,3.8,0.603,0.0,0.2,0.167,2.3,3.6,0.625,0.607,1.2,1.7,0.732,1.1,1.4,2.5,1.1,0.3,0.2,0.7,1.3,5.9,southern-california
Clark Slajchert,G,27,4,11.2,1.3,3.2,0.419,0.6,1.8,0.313,0.8,1.4,0.553,0.506,0.7,1.0,0.714,0.3,0.6,0.8,0.8,0.3,0.0,0.6,1.5,4.0,southern-california
Kevin Patton Jr.,G,27,2,8.1,1.2,2.1,0.561,0.2,0.6,0.353,1.0,1.5,0.65,0.614,0.5,0.8,0.591,0.3,0.9,1.2,0.4,0.4,0.4,0.5,1.3,3.1,southern-california
Matt Knowling,F,27,5,18.0,1.3,2.3,0.571,0.0,0.0,0.0,1.3,2.3,0.581,0.571,0.4,0.6,0.588,0.6,2.0,2.6,1.2,0.4,0.5,0.5,1.7,3.0,southern-california
Isaiah Elohim,G,18,1,5.7,0.7,1.2,0.591,0.1,0.2,0.667,0.6,1.1,0.579,0.636,0.6,0.9,0.588,0.2,0.6,0.8,0.2,0.1,0.1,0.3,0.6,2.1,southern-california
Brit Burden,F,1,0,1.0,1.0,1.0,1.0,0.0,0.0,,1.0,1.0,1.0,1.0,0.0,0.0,,0.0,1.0,1.0,0.0,0.0,0.0,0.0,0.0,2.0,southern-california
Jalen Shelley,F,22,1,7.6,0.7,1.8,0.385,0.1,0.8,0.176,0.5,1.0,0.545,0.423,0.5,0.9,0.55,0.2,1.2,1.4,0.5,0.2,0.3,0.2,0.9,2.0,southern-california
Harrison Hornery,F,8,0,3.6,0.5,1.0,0.5,0.5,1.0,0.5,0.0,0.0,,0.75,0.0,0.3,0.0,0.1,0.9,1.0,0.1,0.3,0.1,0.0,0.8,1.5,southern-california
Bryce Pope,G,14,0,6.3,0.5,1.4,0.368,0.3,0.9,0.308,0.2,0.4,0.5,0.474,0.0,0.0,,0.1,0.5,0.6,0.0,0.2,0.1,0.1,0.5,1.3,southern-california
Jonah Goorin,G,1,0,1.0,0.0,0.0,,0.0,0.0,,0.0,0.0,,,0.0,0.0,,0.0,1.0,1.0,0.0,0.0,0.0,0.0,0.0,0.0,southern-california
JD Plough,G,1,0,1.0,0.0,1.0,0.0,0.0,1.0,0.0,0.0,0.0,,0.0,0.0,0.0,,0.0,0.0,0.0,0.0,0.0,0.0,0.0,0.0,0.0,southern-california
Dawson Garcia,F,32,32,35.3,6.6,13.8,0.474,1.6,4.2,0.373,5.0,9.7,0.518,0.53,4.5,5.8,0.783,1.6,5.9,7.5,2.0,0.7,0.8,1.5,2.3,19.2,minnesota
Lu'Cye Patterson,G,32,32,33.2,4.0,10.9,0.368,1.2,4.4,0.264,2.8,6.5,0.438,0.421,2.4,3.3,0.74,0.3,3.2,3.6,3.3,0.9,0.3,1.3,2.5,11.6,minnesota
Mike Mitchell Jr.,G,25,24,29.2,3.0,8.8,0.339,2.0,6.0,0.331,1.0,2.8,0.357,0.452,0.6,0.8,0.737,0.3,1.5,1.8,2.5,1.0,0.2,1.0,2.0,8.6,minnesota
Femi Odukale,G,32,30,29.5,2.7,6.3,0.428,0.4,1.4,0.283,2.3,4.8,0.471,0.46,1.0,1.9,0.517,1.3,3.1,4.4,3.6,1.5,1.2,2.3,2.9,6.8,minnesota
Parker Fox,F,32,23,18.8,2.3,3.8,0.593,0.0,0.2,0.2,2.3,3.7,0.61,0.598,1.2,2.1,0.576,1.0,1.5,2.6,1.0,0.7,1.1,0.9,2.2,5.8,minnesota
Isaac Asuma,G,32,0,24.7,2.1,4.7,0.437,0.8,2.2,0.357,1.3,2.5,0.506,0.52,0.7,1.0,0.636,0.8,2.1,2.9,2.1,0.8,0.3,1.2,2.0,5.6,minnesota
Brennan Rigsby,G,29,10,16.8,1.9,5.0,0.377,0.8,2.9,0.289,1.1,2.2,0.492,0.459,0.8,1.0,0.793,0.3,1.6,1.9,0.6,0.3,0.2,0.5,1.2,5.4,minnesota
Frank Mitchell,F,29,9,15.6,2.2,3.4,0.663,0.0,0.0,,2.2,3.4,0.663,0.663,0.4,1.1,0.406,2.4,2.3,4.7,0.7,0.3,0.6,1.0,2.1,4.9,minnesota
Trey Edmonds,F,23,0,8.8,1.0,2.0,0.522,0.0,0.0,,1.0,2.0,0.522,0.522,0.5,1.4,0.364,0.7,1.7,2.4,0.2,0.1,0.2,0.5,1.1,2.6,minnesota
Caleb Williams,G,6,0,2.7,0.7,1.2,0.571,0.5,0.8,0.6,0.2,0.3,0.5,0.786,0.0,0.0,,0.0,0.2,0.2,0.0,0.0,0.0,0.0,0.2,1.8,minnesota
Kadyn Betts,F,22,0,4.8,0.5,1.0,0.455,0.3,0.7,0.4,0.2,0.3,0.571,0.591,0.2,0.4,0.5,0.2,0.3,0.5,0.0,0.0,0.1,0.1,0.5,1.4,minnesota
Erick Reader,F,1,0,1.0,0.0,0.0,,0.0,0.0,,0.0,0.0,,,0.0,0.0,,0.0,0.0,0.0,0.0,0.0,0.0,0.0,0.0,0.0,minnesota
Lincoln Meister,F,1,0,1.0,0.0,0.0,,0.0,0.0,,0.0,0.0,,,0.0,0.0,,0.0,0.0,0.0,0.0,0.0,0.0,0.0,0.0,0.0,minnesota
Max Sheridan,G,1,0,1.0,0.0,0.0,,0.0,0.0,,0.0,0.0,,,0.0,0.0,,0.0,0.0,0.0,0.0,0.0,0.0,0.0,0.0,0.0,minnesota
Owen Freeman,F,19,19,26.4,7.1,11.1,0.638,0.3,0.8,0.313,6.8,10.2,0.665,0.65,2.4,3.9,0.6,2.1,4.7,6.7,1.3,0.6,1.8,1.8,2.7,16.7,iowa
Payton Sandfort,G,33,33,31.9,5.6,13.8,0.407,2.5,7.5,0.34,3.1,6.3,0.488,0.5,3.0,3.3,0.891,1.0,5.0,6.0,2.9,0.8,0.7,1.8,2.6,16.7,iowa
Josh Dix,G,32,32,32.3,5.6,11.1,0.507,2.0,4.8,0.422,3.6,6.3,0.572,0.599,1.1,1.5,0.766,0.3,2.9,3.2,2.8,0.9,0.5,0.8,1.3,14.4,iowa
Drew Thelwell,G,29,20,25.4,3.3,6.7,0.5,1.2,2.9,0.412,2.1,3.8,0.569,0.59,1.6,2.5,0.653,0.3,1.9,2.2,3.0,1.5,0.1,1.1,0.7,9.5,iowa
Brock Harding,G,33,24,24.8,3.3,7.2,0.454,1.2,3.0,0.398,2.1,4.2,0.493,0.536,1.1,1.4,0.766,0.6,1.7,2.3,5.3,1.5,0.1,2.3,1.8,8.8,iowa
Pryce Sandfort,F,33,2,22.4,3.2,6.5,0.488,1.7,4.2,0.4,1.5,2.2,0.658,0.62,0.8,1.3,0.636,0.8,2.1,2.9,1.3,0.6,0.2,0.4,1.4,8.8,iowa
Seydou Traore,G,27,12,16.5,2.3,5.2,0.436,0.3,1.3,0.265,1.9,3.9,0.491,0.468,1.0,1.6,0.643,0.7,2.3,3.0,1.4,0.5,0.7,0.9,1.5,5.9,iowa
Cooper Koch,F,10,0,13.6,1.5,3.1,0.484,0.9,2.1,0.429,0.6,1.0,0.6,0.629,0.7,1.3,0.538,0.3,1.8,2.1,0.8,0.3,0.4,0.3,1.4,4.6,iowa
Ladji Dembele,F,33,21,16.7,1.7,3.7,0.467,0.4,1.0,0.382,1.3,2.7,0.5,0.52,0.6,0.8,0.714,1.7,1.9,3.5,0.6,0.3,0.2,0.6,2.2,4.5,iowa
Even Brauns,C,26,0,8.8,1.3,1.7,0.767,0.0,0.0,,1.3,1.7,0.767,0.767,0.6,1.0,0.593,0.4,0.7,1.1,0.5,0.2,0.5,0.3,1.4,3.2,iowa
Riley Mulvey,C,19,2,7.3,0.8,1.2,0.682,0.0,0.0,,0.8,1.2,0.682,0.682,0.6,1.0,0.579,0.7,1.3,1.9,0.3,0.2,0.3,0.3,0.9,2.2,iowa
Chris Tadjo,F,11,0,5.0,0.6,1.3,0.5,0.1,0.2,0.5,0.5,1.1,0.5,0.536,0.4,0.7,0.5,0.5,0.7,1.2,0.0,0.1,0.2,0.5,1.1,1.7,iowa
Jacob Koch,G,7,0,3.0,0.7,1.1,0.625,0.1,0.3,0.5,0.6,0.9,0.667,0.688,0.0,0.0,,0.1,0.3,0.4,0.4,0.0,0.1,0.0,0.0,1.6,iowa
Carter Kingsbury,G,23,0,7.1,0.4,0.9,0.476,0.2,0.6,0.357,0.2,0.3,0.714,0.595,0.1,0.2,0.75,0.2,0.5,0.7,0.3,0.1,0.0,0.1,0.6,1.2,iowa
Ace Baldwin Jr.,G,30,30,33.9,3.7,9.9,0.377,1.4,4.4,0.316,2.3,5.5,0.427,0.448,5.1,5.5,0.927,0.4,2.4,2.8,7.1,2.4,0.0,3.5,2.3,14.0,penn-state
Yanic Konan Niederhauser,F,29,29,25.1,4.9,8.1,0.611,0.0,0.4,0.091,4.9,7.7,0.637,0.613,3.0,4.5,0.664,2.1,4.3,6.3,0.8,0.7,2.3,1.7,2.5,12.9,penn-state
Zach Hicks,F,31,31,31.7,3.7,7.9,0.471,2.4,5.8,0.413,1.3,2.1,0.631,0.623,1.8,2.3,0.8,0.8,4.1,4.9,2.0,1.1,0.5,0.9,1.9,11.6,penn-state
Nicholas Kern,G,31,10,25.6,4.4,7.6,0.576,0.2,0.6,0.278,4.2,7.0,0.601,0.587,2.6,3.9,0.675,1.1,3.9,5.0,2.3,1.1,0.4,1.7,2.1,11.5,penn-state
Puff Johnson,G,17,17,23.2,3.7,6.8,0.543,0.8,2.5,0.302,2.9,4.3,0.685,0.599,2.0,2.5,0.81,1.6,2.7,4.4,0.6,1.4,0.3,0.6,2.1,10.2,penn-state
Freddie Dilione V,G,31,28,24.6,3.6,8.7,0.416,0.9,3.1,0.289,2.7,5.5,0.488,0.468,1.3,1.8,0.709,0.8,2.0,2.8,1.7,0.9,0.3,1.5,1.5,9.4,penn-state
D'Marco Dunn,G,31,8,21.4,2.9,6.3,0.467,1.2,2.9,0.407,1.7,3.4,0.519,0.562,1.4,1.5,0.894,0.4,2.1,2.5,1.0,0.7,0.1,1.4,2.2,8.4,penn-state
Dominick Stewart,G,24,0,8.2,1.0,2.8,0.373,0.5,1.6,0.289,0.6,1.2,0.483,0.455,0.3,0.5,0.545,0.4,0.7,1.1,0.4,0.5,0.1,0.7,0.8,2.8,penn-state
Kachi Nzeh,C,29,2,11.3,1.1,1.9,0.611,0.0,0.0,,1.1,1.9,0.611,0.611,0.3,0.6,0.556,0.8,1.4,2.2,0.0,0.1,0.3,0.3,1.7,2.6,penn-state
Jahvin Carter,G,26,0,8.3,0.8,2.3,0.328,0.4,1.3,0.324,0.3,1.0,0.333,0.418,0.1,0.4,0.273,0.1,0.5,0.7,0.7,0.2,0.0,0.3,0.7,2.1,penn-state
Miles Goodman,F,13,0,6.2,0.5,0.9,0.583,0.0,0.0,,0.5,0.9,0.583,0.583,0.1,0.6,0.125,0.5,0.9,1.4,0.2,0.1,0.1,0.4,0.8,1.2,penn-state
Joe Sedora,F,7,0,1.9,0.1,0.4,0.333,0.0,0.1,0.0,0.1,0.3,0.5,0.333,0.3,0.3,1.0,0.4,0.4,0.9,0.0,0.0,0.0,0.0,0.1,0.6,penn-state
Eli Rice,G,1,0,7.0,0.0,2.0,0.0,0.0,2.0,0.0,0.0,0.0,,0.0,0.0,0.0,,0.0,2.0,2.0,0.0,0.0,0.0,0.0,0.0,0.0,penn-state
Hudson Ward,F,8,0,2.8,0.0,0.3,0.0,0.0,0.1,0.0,0.0,0.1,0.0,0.0,0.0,0.0,,0.3,0.4,0.6,0.1,0.0,0.1,0.1,0.1,0.0,penn-state
Great Osobor,F,31,31,31.2,5.1,10.9,0.47,0.4,1.6,0.245,4.7,9.3,0.509,0.488,4.1,6.6,0.621,2.5,5.5,8.0,3.4,1.9,0.5,3.3,2.9,14.8,washington
Tyler Harris,G,30,27,30.7,4.3,8.8,0.492,1.5,3.0,0.495,2.8,5.8,0.491,0.578,1.7,2.4,0.694,1.2,3.8,5.0,0.4,0.9,1.1,1.0,2.2,11.8,washington
Zoom Diallo,G,31,22,25.1,4.3,9.1,0.473,0.2,1.1,0.182,4.1,8.1,0.512,0.484,2.2,3.1,0.719,1.0,2.1,3.1,2.7,0.4,0.2,2.1,2.3,11.1,washington
Mekhi Mason,G,31,20,24.3,3.3,7.7,0.425,1.7,4.3,0.402,1.6,3.5,0.454,0.535,1.6,2.2,0.71,0.5,1.6,2.1,1.4,1.0,0.3,1.2,2.0,9.9,washington
DJ Davis,G,27,7,23.7,2.6,6.9,0.369,1.9,5.4,0.352,0.7,1.6,0.429,0.505,1.7,1.9,0.902,0.1,1.2,1.3,1.0,0.6,0.0,1.1,1.3,8.7,washington
Franck Kepnang,C,14,8,20.0,2.9,5.4,0.533,0.0,0.0,,2.9,5.4,0.533,0.533,1.1,1.4,0.8,1.9,3.2,5.1,0.0,0.5,1.9,1.1,2.8,6.9,washington
Luis Kortright,G,18,3,17.2,1.8,5.2,0.344,0.5,2.3,0.214,1.3,2.8,0.451,0.392,0.9,1.7,0.533,0.2,1.8,1.9,1.8,0.3,0.2,0.9,1.1,4.9,washington
Wilhelm Breidenbach,F,30,17,16.9,1.6,3.2,0.505,0.7,1.8,0.37,1.0,1.4,0.674,0.608,0.6,0.8,0.708,0.8,1.6,2.4,0.4,0.4,0.1,0.6,2.2,4.5,washington
Tyree Ihenacho,G,31,20,20.9,1.3,3.3,0.396,0.1,1.0,0.133,1.2,2.3,0.507,0.416,0.5,0.8,0.625,0.6,2.2,2.8,2.0,0.7,0.4,1.2,1.8,3.2,washington
Christian King,F,20,0,8.9,0.8,1.9,0.421,0.5,1.3,0.385,0.3,0.6,0.5,0.553,0.4,0.6,0.727,0.4,1.2,1.6,0.3,0.2,0.3,0.1,0.9,2.5,washington
Jase Butler,G,18,0,10.7,0.6,2.2,0.25,0.4,1.6,0.286,0.1,0.7,0.167,0.35,0.3,0.6,0.6,0.6,0.8,1.4,0.7,0.2,0.1,0.1,1.3,1.9,washington
KC Ibekwe,C,12,0,5.7,0.6,1.0,0.583,0.0,0.0,,0.6,1.0,0.583,0.583,0.4,0.8,0.5,0.3,0.8,1.1,0.0,0.0,0.3,0.3,1.6,1.6,washington
Dylan Mansour,G,5,0,1.4,0.0,0.6,0.0,0.0,0.6,0.0,0.0,0.0,,0.0,0.0,0.0,,0.0,0.4,0.4,0.0,0.0,0.2,0.2,0.2,0.0,washington
